{
  "GAT-LSTM": {
    "accuracy": 0.8400921658986175,
    "recall": 0.9642335766423358,
    "precision": 0.6174339799018462,
    "f1": 0.7528137911383388,
    "f2": 0.8668547804974079,
    "auc": 0.9451433696796782
  },
  "RNN+LSTM": {
    "accuracy": 0.8408294930875576,
    "recall": 0.9574817518248175,
    "precision": 0.6196268304204062,
    "f1": 0.7523659305993691,
    "f2": 0.8633342108727129,
    "auc": 0.9429167547949273
  },
  "XGBoost": {
    "accuracy": 0.8470506912442396,
    "recall": 0.9337591240875912,
    "precision": 0.6338411990585904,
    "f1": 0.7551095698369364,
    "f2": 0.8530323742206515,
    "auc": 0.9366705293095845
  },
  "RandomForest": {
    "accuracy": 0.8482949308755761,
    "recall": 0.9392335766423358,
    "precision": 0.6349617567234147,
    "f1": 0.7576917414986015,
    "f2": 0.8570905215479917,
    "auc": 0.9378363424446706
  },
  "LightGBM": {
    "accuracy": 0.8515668202764977,
    "recall": 0.9268248175182482,
    "precision": 0.6429927838966958,
    "f1": 0.7592495702219897,
    "f2": 0.851638217244039,
    "auc": 0.9374260735147201
  },
  "CatBoost": {
    "accuracy": 0.8424884792626728,
    "recall": 0.9448905109489051,
    "precision": 0.6243067277550036,
    "f1": 0.751851314069987,
    "f2": 0.8568875355795327,
    "auc": 0.9381135752022824
  }
}