{"min": [0.0, -19.844337463378906, 0.0015125245554372668, 0.0, 1.0, 0.01990930549800396, 50.0, 0.061501361429691315, -4.123919486999512, 0.0], "range": [0.667902410030365, 56.992828369140625, 13.791950225830078, 10.02531623840332, 364.0, 359.97296142578125, 2085.724609375, 15.7444486618042, 8.297990798950195, 0.6713556051254272]}